"id","name","odba.start","odba.end","time.odba","odba.mean","vedba.mean","vedba.auc","odba.auc","vo2.start","vo2.end","time.vo2","vo2.mean","type","age","facility","sex","species","id2","date","duration","swim.secs","stroke_rate","mass","types","vo2_mlkg","dmr","sdmr"
"Bella2014-12-03rest","Bella",2016-07-11 00:17:30,2016-07-11 00:20:32,182.5,0.121767785190981,0.0761427016221739,16.3158816004072,25.5846751827769,2016-07-12 10:19:08,2016-07-12 10:21:08,120,1.05694125080841,"rest",17,"UWW","Female","AFS",NA,NA,NA,0,NA,NA,"rest",NA,Inf,NA
"Bella2014-12-03swim1","Bella",2016-07-11 00:20:33,2016-07-11 00:22:14,101,0.651901763364425,0.41326470214537,44.1453488030172,69.5249080417252,2016-07-12 10:22:37,2016-07-12 10:24:35,118,2.43481473754349,"swim1",17,"UWW","Female","AFS","Bella03-12-14_1.csv",2014-12-03,"01:41",101,26,72,"swim",33.8168713547706,1.44642459656049,20.0892305077845
"Bella2014-12-03swim2","Bella",2016-07-11 00:25:25,2016-07-11 00:26:49,83.5999999046326,0.758567491518481,0.481682738596159,36.1080486312456,57.6068580768132,2016-07-12 10:27:16,2016-07-12 10:29:35,139,2.19211399615896,"swim2",17,"UWW","Female","AFS","Bella03-12-14_2.csv",2014-12-03,"01:23",83,23,72,"swim",30.4460277244299,1.58466072011491,22.0091766682626
"Bella2014-12-04rest","Bella",2016-07-11 00:20:39,2016-07-11 00:24:02,202.799999952316,0.140183199609916,0.0894528295089496,7.71840083029565,12.2080369466544,2016-07-12 16:22:41,2016-07-12 16:24:45,124,0.762745427341627,"rest",17,"UWW","Female","AFS",NA,NA,NA,0,NA,NA,"rest",NA,Inf,NA
"Bella2014-12-04swim1","Bella",2016-07-11 00:24:02,2016-07-11 00:25:42,100.400000095367,0.68821120792539,0.437139554810523,46.743019138039,73.2776614559248,2016-07-12 16:26:14,2016-07-12 16:28:53,159,2.11733451160803,"swim1",17,"UWW","Female","AFS","Bella04-12-14_1.csv",2014-12-04,"01:41",101,27,72,"swim",29.4074237723337,1.25782248214338,17.4697566964359
"Bella2014-12-04swim2","Bella",2016-07-11 00:32:31,2016-07-11 00:33:50,78.2999999523163,0.687581150389682,0.431142561978007,37.3790939756373,58.5444724354256,2016-07-12 16:34:18,2016-07-12 16:36:42,144,2.18449427670352,"swim2",17,"UWW","Female","AFS","Bella04-12-14_2.csv",2014-12-04,"01:19",79,25,72,"swim",30.3401982875489,1.65910957724318,23.043188572822
"Bella2014-12-04swim2","Bella",2016-07-11 00:32:31,2016-07-11 00:33:50,78.2999999523163,0.687581150389682,0.431142561978007,37.3790939756373,58.5444724354256,2016-07-12 16:34:18,2016-07-12 16:36:42,144,2.18449427670352,"swim2",17,"UWW","Female","AFS","Bella04-12-14_3.csv",2014-12-04,"01:19",79,23,72,"swim",30.3401982875489,1.65910957724318,23.043188572822
"Bella2014-12-04swim3","Bella",2016-07-11 00:28:36,2016-07-11 00:29:53,76.5,0.0601834656213886,0.0380712269053127,43.6056836217112,68.5648416569255,2016-07-12 16:30:29,2016-07-12 16:32:34,125,2.14887296618554,"swim3",17,"UWW","Female","AFS",NA,NA,NA,0,NA,NA,"swim",NA,Inf,NA
"Bella2014-12-05rest","Bella",2016-07-11 00:03:02,2016-07-11 00:07:03,241.5,0.728915280112904,0.465335204427966,18.5509268011455,29.2438806502155,2016-07-12 10:04:05,2016-07-12 10:07:13,188,0.907726060698596,"rest",17,"UWW","Female","AFS",NA,NA,NA,0,NA,NA,"rest",NA,Inf,NA
"Bella2014-12-05swim1","Bella",2016-07-11 00:08:05,2016-07-11 00:09:45,100.5,0.749765004182242,0.478066909022773,45.3039945620899,70.7945388822507,2016-07-12 10:10:14,2016-07-12 10:12:13,119,2.1515290685849,"swim1",17,"UWW","Female","AFS","Bella05-12-14_1.csv",2014-12-05,"01:41",101,27,72,"swim",29.8823481747902,1.27813608034746,17.7518900048259
"Bella2014-12-05swim2","Bella",2016-07-11 00:12:34,2016-07-11 00:14:05,90.5,0.895226065484424,0.569665686094895,42.5263651718434,66.9091525132143,2016-07-12 10:14:31,2016-07-12 10:16:26,115,2.3301485091637,"swim2",17,"UWW","Female","AFS","Bella05-12-14_2.csv",2014-12-05,"01:31",91,23,72,"swim",32.3631737383847,1.53636165439365,21.3383563110229
"Bella2014-11-06rest","Bella",2016-07-11 00:56:16,2016-07-11 00:59:22,185.5,0.12092829633855,0.0766968881237611,14.0383693368055,22.4685573006541,2016-07-12 09:50:56,2016-07-12 09:53:15,139,0.920027789139745,"rest",17,"UWW","Female","AFS",NA,NA,NA,0,NA,NA,"rest",NA,Inf,NA
"Bella2014-11-06swim1","Bella",2016-07-11 00:55:01,2016-07-11 00:56:16,75.7000000476837,0.707656166291775,0.452797052282886,31.4549466704844,49.5695499284845,2016-07-12 09:56:27,2016-07-12 09:58:43,136,1.900245645153,"swim1",17,"UWW","Female","AFS","Bella06-11-14_1.csv",2014-11-06,"01:16",76,21,78,"swim",24.3621236558077,1.50019393038395,19.2332555177429
"Bella2014-11-06swim2","Bella",2016-07-11 00:25:25,2016-07-11 00:26:30,64.5999999046326,0.737179304325462,0.468753456966515,30.9377624879791,48.7185027584848,2016-07-12 10:00:35,2016-07-12 10:02:19,104,2.36401247059355,"swim2",17,"UWW","Female","AFS","Bella06-11-14_2.csv",2014-11-06,"01:04",64,21,78,"swim",30.3078521870968,2.21626169118145,28.4136114254032
"Bella2014-12-10rest","Bella",2016-07-11 00:04:08,2016-07-11 00:07:23,195.299999952316,0.0844008461686556,0.0537030355850007,10.4782182898572,16.4823208714745,2016-07-12 09:58:56,2016-07-12 10:01:09,133,0.799473904876643,"rest",17,"UWW","Female","AFS",NA,NA,NA,0,NA,NA,"rest",NA,Inf,NA
"Bella2014-12-10swim1","Bella",2016-07-11 00:00:29,2016-07-11 00:02:07,98,0.770090134639738,0.490638855927986,48.0183892520755,75.3308024169599,2016-07-12 10:02:43,2016-07-12 10:04:53,130,2.3278649067354,"swim1",17,"UWW","Female","AFS","Bella10-12-14_1.csv",2014-12-10,"01:37",97,28,69,"swim",33.7371725613826,1.43991643715592,20.86835416168
"Bella2014-12-10swim2","Bella",2016-07-11 00:04:59,2016-07-11 00:06:33,94.5,0.683066421151165,0.431858778908138,40.7040125148457,64.3430852480542,NA,NA,NA,NA,"swim2",17,"UWW","Female","AFS",NA,NA,NA,0,NA,NA,"swim",NA,NA,NA
"Bella2014-12-12rest","Bella",2016-07-11 00:04:08,2016-07-11 00:07:40,212.700000047684,0.201286952390372,0.130403308044296,27.7163626146743,42.8019585281339,2016-07-12 10:05:58,2016-07-12 10:08:59,181,0.750753024504191,"rest",17,"UWW","Female","AFS",NA,NA,NA,0,NA,NA,"rest",NA,Inf,NA
"Bella2014-12-12swim1","Bella",2016-07-11 00:08:15,2016-07-11 00:09:48,92.7999999523163,0.624437576677188,0.394974451083925,36.6638358408141,57.970505951108,2016-07-12 10:10:28,2016-07-12 10:12:37,129,2.02297000023171,"swim1",17,"UWW","Female","AFS","Bella12-12-14_1.csv",2014-12-12,"01:33",93,25,69,"swim",29.3184058004595,1.30514193563336,18.9151005164255
"Bella2014-12-12swim2","Bella",2016-07-11 00:12:24,2016-07-11 00:14:01,97,0.609032348739547,0.386613868727653,37.2922645065943,58.7700868693447,2016-07-12 10:14:41,2016-07-12 10:16:51,130,2.26291774633784,"swim2",17,"UWW","Female","AFS","Bella12-12-14_2.csv",2014-12-12,"01:37",97,27,69,"swim",32.795909367215,1.39974293587908,20.2861295054938
"Groucho2014-12-01rest","Groucho",2016-07-11 00:13:24,2016-07-11 00:16:59,215.299999952316,0.860266023468404,0.547658217909584,15.799719922113,25.0816383263422,2016-07-12 10:58:51,2016-07-12 11:00:32,101,1.35481715242813,"rest",14,"UWW","Male","AFS",NA,NA,NA,0,NA,NA,"rest",NA,Inf,NA
"Groucho2014-12-01swim1","Groucho",2016-07-11 00:01:30,2016-07-11 00:03:12,101.5,0.490996071016982,0.315244164263279,44.563409936204,71.0679742440024,2016-07-12 11:03:32,2016-07-12 11:06:16,164,3.52733183904761,"swim1",14,"UWW","Male","AFS","Groucho01-12-14_1.csv",2014-12-01,"01:41",101,27,182,"swim",19.3809441705912,2.09544465685996,11.5134321805493
"Groucho2014-12-01swim2","Groucho",2016-07-11 00:06:47,2016-07-11 00:08:23,96,0.705832504766083,0.451557103449012,44.1108873402617,70.9878828163514,2016-07-12 11:08:43,2016-07-12 11:10:56,133,4.79305796888209,"swim2",14,"UWW","Male","AFS","Groucho01-12-14_2.csv",2014-12-01,"01:36",96,28,182,"swim",26.335483345506,2.99566123055131,16.4596770909413
"Groucho2014-12-06rest","Groucho",2016-07-11 00:15:01,2016-07-11 00:18:39,217.700000047684,0.867280380358582,0.5534240057897,9.47037825012962,14.789533630133,2016-07-12 16:15:48,2016-07-12 16:18:50,182,1.85697722386249,"rest",14,"UWW","Male","AFS",NA,NA,NA,0,NA,NA,"rest",NA,Inf,NA
"Groucho2014-12-06swim1","Groucho",2016-07-11 00:18:40,2016-07-11 00:20:14,94,0.830205764619099,0.532002253923289,42.6484290521412,67.5799777835955,2016-07-12 16:20:44,2016-07-12 16:24:02,198,4.00459636382506,"swim1",14,"UWW","Male","AFS","Groucho06-12-14_1.csv",2014-12-06,"01:34",94,27,174,"swim",23.0149216311785,2.55612533861174,14.6903755092629
"Groucho2014-12-06swim2","Groucho",2016-07-11 00:23:36,2016-07-11 00:25:20,104,0.859776061731451,0.549547129019368,47.7573283220882,75.4125939722478,2016-07-12 16:25:49,2016-07-12 16:28:35,166,4.62617145131707,"swim2",14,"UWW","Male","AFS","Groucho06-12-14_2.csv",2014-12-06,"01:44",104,31,174,"swim",26.5871922489487,2.66894506806754,15.3387647590089
"Groucho2014-12-07rest","Groucho",2016-07-11 00:13:24,2016-07-11 00:16:48,204.5,0.85555308698137,0.550183483964546,9.43124813042671,14.6125713551334,2016-07-12 10:00:03,2016-07-12 10:02:24,141,1.60556493693031,"rest",14,"UWW","Male","AFS",NA,NA,NA,0,NA,NA,"rest",NA,Inf,NA
"Groucho2014-12-07swim1","Groucho",2016-07-11 00:02:54,2016-07-11 00:04:44,110.5,0.843882360012597,0.541421574585303,44.181732499075,69.0760725331832,2016-07-12 10:05:13,2016-07-12 10:09:12,239,3.45904091996784,"swim1",14,"UWW","Male","AFS","Groucho07-12-14_1.csv",2014-12-07,"01:51",111,32,174,"swim",19.8795455170565,1.86975184863126,10.74570027949
"Groucho2014-12-07swim2","Groucho",2016-07-11 00:09:05,2016-07-11 00:10:54,109.200000047684,0.807492155557588,0.519258571937003,46.3842794838001,72.2418807069946,2016-07-12 10:11:20,2016-07-12 10:14:23,183,3.99364686974936,"swim2",14,"UWW","Male","AFS","Groucho07-12-14_2.csv",2014-12-07,"01:49",109,33,174,"swim",22.9519935043067,2.19833772646754,12.634124864756
"Groucho2014-03-08swim1","Groucho",2016-07-11 00:48:10,2016-07-11 00:48:59,49,0.0774032726016549,0.0485824050855462,26.6274314257015,41.8658466889114,2016-07-12 16:50:00,2016-07-12 16:52:49,169,3.89552257416989,"swim1",14,"UWW","Male","AFS","Groucho08-03-14_1.csv",2014-03-08,"00:47",47,NA,182,"swim",21.4039701877466,4.97300754149348,27.3242172609532
"Groucho2014-11-08rest","Groucho",2016-07-11 00:54:36,2016-07-11 00:58:49,252.099999904633,0.63912131053389,0.398283588117585,12.22487165751,19.4749893544894,2016-07-12 09:54:55,2016-07-12 09:58:20,205,1.61268207220037,"rest",14,"UWW","Male","AFS",NA,NA,NA,0,NA,NA,"rest",NA,Inf,NA
"Groucho2014-11-08swim1","Groucho",2016-07-11 00:01:12,2016-07-11 00:02:50,98.2999999523163,0.713551556477237,0.445855627303024,39.2436807695069,62.9989622709718,2016-07-12 10:03:00,2016-07-12 10:05:27,147,3.95953375732539,"swim1",14,"UWW","Male","AFS","Groucho08-11-14_1.csv",2014-11-08,"01:38",98,26,180,"swim",21.9974097629189,2.42420434121963,13.4678018956646
"Groucho2014-11-08swim2","Groucho",2016-07-11 00:07:03,2016-07-11 00:08:39,95.7000000476837,0.100739226982742,0.0642136929363569,42.7314649383945,68.3948595013441,2016-07-12 10:08:41,2016-07-12 10:11:23,162,4.52082821873708,"swim2",14,"UWW","Male","AFS","Groucho08-11-14_2.csv",2014-11-08,"01:34",94,29,180,"swim",25.1157123263171,2.88563503323643,16.0313057402024
"Groucho2014-03-09swim1","Groucho",2016-07-11 00:13:24,2016-07-11 00:14:59,95,0.611713814835687,0.379910237315522,30.0945531361968,46.8694238470287,2016-07-12 10:08:23,2016-07-12 10:11:02,159,3.45018893169649,"swim1",14,"UWW","Male","AFS","Groucho09-03-14_1.csv",2014-03-09,"00:49",49,NA,182,"swim",18.9570820422884,4.22472114085284,23.2127535211695
"Groucho2014-11-09rest","Groucho",2016-07-11 00:13:24,2016-07-11 00:17:48,264.299999952316,0.606912618780665,0.378460863591397,16.9929433161172,26.6827308669841,2016-07-12 10:14:04,2016-07-12 10:17:33,209,1.58561343467182,"rest",14,"UWW","Male","AFS",NA,NA,NA,0,NA,NA,"rest",NA,Inf,NA
"Groucho2014-11-09swim1","Groucho",2016-07-11 00:19:00,2016-07-11 00:20:49,108.799999952316,0.108057862075651,0.0687967546131294,41.2470946823728,66.4849733488661,2016-07-12 10:21:01,2016-07-12 10:23:47,166,4.12783706854267,"swim1",14,"UWW","Male","AFS","Groucho09-11-14_1.csv",2014-11-09,"01:49",109,32,180,"swim",22.9324281585704,2.27220389094092,12.6233549496718
"Groucho2014-11-09swim2","Groucho",2016-07-11 00:25:41,2016-07-11 00:27:31,110,0.607006302540581,0.386222663806031,41.6704953324467,66.8179677084464,2016-07-12 10:27:42,2016-07-12 10:28:32,50,5.83703096731482,"swim2",14,"UWW","Male","AFS","Groucho09-11-14_2.csv",2014-11-09,"01:50",110,32,180,"swim",32.4279498184157,3.18383507308081,17.6879726282267
"Groucho2014-03-10swim1","Groucho",2016-07-11 00:13:24,2016-07-11 00:14:32,68,0.629386957375356,0.39829107713131,30.6187558203707,47.842061784267,2016-07-12 10:01:00,2016-07-12 10:03:19,139,3.37387983086536,"swim1",14,"UWW","Male","AFS","Groucho10-03-14_1.csv",2014-03-10,"01:02",62,NA,182,"swim",18.537801268491,3.26504499761164,17.9398076791848
"Groucho2014-11-10rest","Groucho",2016-07-11 00:03:46,2016-07-11 00:07:53,247,0.116933143185352,0.0735587337688452,16.9935168817263,26.6785697861723,2016-07-12 10:06:00,2016-07-12 10:08:04,124,1.44108810792939,"rest",14,"UWW","Male","AFS",NA,NA,NA,0,NA,NA,"rest",NA,Inf,NA
"Groucho2014-11-10swim1","Groucho",2016-07-11 00:09:06,2016-07-11 00:11:02,116,0.697910034022681,0.438001840017936,44.7721400689225,70.3653121557533,2016-07-12 10:11:07,2016-07-12 10:14:27,200,3.75471892878889,"swim1",14,"UWW","Male","AFS","Groucho10-11-14_1.csv",2014-11-10,"01:56",116,0,180,"swim",20.8595496043827,1.94209599764943,10.7894222091635
"Groucho2014-11-10swim2","Groucho",2016-07-11 00:15:44,2016-07-11 00:17:19,94.0999999046326,0.742534592184228,0.461188038463378,37.3698381061363,59.0420906883509,2016-07-12 10:17:24,2016-07-12 10:20:55,211,3.49757336787257,"swim2",14,"UWW","Male","AFS","Groucho10-11-14_2.csv",2014-11-10,"01:34",94,0,180,"swim",19.4309631548476,2.2324936390676,12.4027424392644
"Groucho2014-12-12rest","Groucho",2016-07-11 00:39:40,2016-07-11 00:42:28,168.900000095367,0.0679623688976816,0.0435038423855154,6.81104920834428,10.7665375629932,2016-07-12 16:40:36,2016-07-12 16:43:14,158,1.97945715311113,"rest",14,"UWW","Male","AFS",NA,NA,NA,0,NA,NA,"rest",NA,Inf,NA
"Groucho2014-12-12swim1","Groucho",2016-07-11 00:43:31,2016-07-11 00:45:20,108.799999952316,0.719064170128826,0.453925005781344,49.4464199185509,76.934955631541,2016-07-12 16:46:09,2016-07-12 16:48:32,143,5.32790203192632,"swim1",14,"UWW","Male","AFS","Groucho12-12-14_1.csv",2014-12-12,"01:49",109,0,179,"swim",29.7648158208175,2.93279010931724,16.3843022866885
"Groucho2014-12-12swim2","Groucho",2016-07-11 00:48:53,2016-07-11 00:50:38,105,0.724233851269378,0.458521232931112,45.5576142568252,71.2452834655907,2016-07-12 16:51:25,2016-07-12 16:53:23,118,5.43455422617685,"swim2",14,"UWW","Male","AFS","Groucho12-12-14_2.csv",2014-12-12,"01:45",105,0,179,"swim",30.3606381350662,3.10545955781534,17.3489360771807
"Groucho2014-03-22swim1","Groucho",2016-07-11 00:13:24,2016-07-11 00:14:28,64,0.0714196370632494,0.0461214181845839,35.5153241308715,55.7381013306808,2016-07-12 10:31:25,2016-07-12 10:33:45,140,4.76591687730589,"swim1",14,"UWW","Male","AFS","Groucho22-03-14_1.csv",2014-03-22,"01:10",70,27,182,"swim",26.1863564687137,4.08507160911933,22.4454484017546
"Groucho2014-03-22swim2","Groucho",2016-07-11 00:13:24,2016-07-11 00:14:36,72,0.62511397980049,0.399818146397687,38.2971763633465,59.6800243624548,2016-07-12 10:37:21,2016-07-12 10:39:27,126,4.59463832672846,"swim2",14,"UWW","Male","AFS","Groucho22-03-14_2.csv",2014-03-22,"01:06",66,26,182,"swim",25.245265531475,4.17694393338951,22.95024139225
"Groucho2014-03-23swim1","Groucho",2016-07-11 00:13:24,2016-07-11 00:14:29,64.7999999523163,0.65979302823155,0.423260237419636,35.4641562046561,55.3897427379192,2016-07-12 10:01:31,2016-07-12 10:04:30,179,4.39513365988271,"swim1",14,"UWW","Male","AFS","Groucho23-03-14_1.csv",2014-03-23,"01:04",64,24,182,"swim",24.1490860433116,4.12043780614004,22.6397681656046
"Groucho2014-03-24swim1","Groucho",2016-07-11 00:12:34,2016-07-11 00:12:34,0,0.0638070650129256,0.0403482688888601,NA,NA,2016-07-12 17:13:33,2016-07-12 17:15:19,106,5.7437444008089,"swim1",14,"UWW","Male","AFS","Groucho24-03-14_1.csv",2014-03-24,"01:13",73,35,182,"swim",31.5590351692797,4.72088580888403,25.9389330158463
"Groucho2014-03-24swim2","Groucho",2016-07-11 00:13:24,2016-07-11 00:14:33,69,0.70930355174083,0.455533235352671,37.476981274755,58.3847741254258,2016-07-12 17:20:27,2016-07-12 17:23:35,188,4.76891337176187,"swim2",14,"UWW","Male","AFS","Groucho24-03-14_2.csv",2014-03-24,"01:05",65,28,182,"swim",26.2028207239663,4.40207388162634,24.1872191298151
"Groucho2014-03-27swim1","Groucho",2016-07-11 00:13:24,2016-07-11 00:14:37,73,0.673994530643396,0.431365572286453,37.7415808015404,58.7570255631424,2016-07-12 16:37:01,2016-07-12 16:39:23,142,3.76500756596552,"swim1",14,"UWW","Male","AFS","Groucho27-03-14_1.csv",2014-03-27,"01:11",71,NA,182,"swim",20.6868547580523,3.18169653461875,17.4818490913118
"Malie2014-11-15swim1","Malie",2016-07-11 00:07:50,2016-07-11 00:08:55,64.5,0.481866089335013,0.305045763122198,19.5473996355132,30.8566957860854,2016-07-12 10:09:08,2016-07-12 10:10:38,90,3.17373181557273,"swim1",12,"Taronga","Male","ASL","Malie15-11-14_1.csv",2014-11-15,"01:04",64,0,160,"swim",19.8358238473296,2.97537357709943,18.5960848568715
"Malie2014-11-15swim2","Malie",2016-07-11 00:11:54,2016-07-11 00:13:00,66.5,0.42411679210549,0.269377581346536,17.8044769574636,28.0236378284056,2016-07-12 10:13:11,2016-07-12 10:14:42,91,3.1268315623179,"swim2",12,"Taronga","Male","ASL","Malie15-11-14_2.csv",2014-11-15,"01:06",66,0,160,"swim",19.5426972644869,2.84257414756172,17.7660884222608
"Malie2014-11-20rest","Malie",2016-07-11 00:30:11,2016-07-11 00:33:19,187.700000047684,0.247648436616342,0.155697929755709,29.2075600621955,46.4667504497481,2016-07-12 09:31:18,2016-07-12 09:33:22,124,1.84671301382176,"rest",12,"Taronga","Male","ASL",NA,NA,NA,0,NA,NA,"rest",NA,Inf,NA
"Malie2014-11-20swim1","Malie",2016-07-11 00:35:46,2016-07-11 00:36:57,70.5999999046326,0.413707483538227,0.26435672486087,18.7443245818437,29.3811417386508,2016-07-12 09:37:07,2016-07-12 09:38:36,89,3.4333178861203,"swim1",12,"Taronga","Male","ASL","Malie20-11-14_1.csv",2014-11-20,"01:11",71,25,158,"swim",21.7298600387361,2.90139539672138,18.3632620045657
"Malie2014-11-20swim2","Malie",2016-07-11 00:41:06,2016-07-11 00:42:23,76.7000000476837,0.442780203347451,0.284513027921028,21.9056670171375,34.0598202522783,2016-07-12 09:42:32,2016-07-12 09:44:26,114,3.31330797378824,"swim2",12,"Taronga","Male","ASL","Malie20-11-14_2.csv",2014-11-20,"01:17",77,30,158,"swim",20.9703036315711,2.58179842113369,16.3404963362892
"Malie2014-11-21rest","Malie",2016-07-11 00:16:10,2016-07-11 00:19:22,192.299999952316,0.228407006237477,0.147409196662411,28.268033942703,43.800531849877,2016-07-12 09:17:19,2016-07-12 09:19:19,120,1.81467890391325,"rest",12,"Taronga","Male","ASL",NA,NA,NA,0,NA,NA,"rest",NA,Inf,NA
"Malie2014-11-21swim1","Malie",2016-07-11 00:21:33,2016-07-11 00:22:59,86.4000000953674,0.447669428480596,0.28892261829983,25.117927615638,38.911445882495,2016-07-12 09:23:02,2016-07-12 09:25:06,124,3.35703345627258,"swim1",12,"Taronga","Male","ASL","Malie21-11-14_1.csv",2014-11-21,"01:25",85,32,158,"swim",21.2470471915986,2.36967067501594,14.9979156646578
"Malie2014-11-21swim2","Malie",2016-07-11 00:28:03,2016-07-11 00:29:33,90.4000000953674,0.42535796706783,0.271111500099989,24.6257488467015,38.632376745669,2016-07-12 09:29:32,2016-07-12 09:31:28,116,3.20788182944136,"swim2",12,"Taronga","Male","ASL","Malie21-11-14_2.csv",2014-11-21,"01:31",91,35,158,"swim",20.3030495534263,2.11508692051079,13.3866260791822
"Malie2014-11-22rest","Malie",2016-07-11 00:05:14,2016-07-11 00:08:24,189.799999952316,0.231218733413863,0.146929647610738,27.8926408845036,43.8905467804682,2016-07-12 09:06:21,2016-07-12 09:08:21,120,1.8194894733871,"rest",12,"Taronga","Male","ASL",NA,NA,NA,0,NA,NA,"rest",NA,Inf,NA
"Malie2014-11-22swim1","Malie",2016-07-11 00:10:31,2016-07-11 00:11:28,56.5,0.504347140270711,0.322064572266089,18.0384168234619,28.253410808176,2016-07-12 09:11:31,2016-07-12 09:13:02,91,3.20506871099973,"swim1",12,"Taronga","Male","ASL","Malie22-11-14_1.csv",2014-11-22,"00:58",58,22,155,"swim",20.6778626516112,3.31558832172386,21.3908923982184
"Malie2014-11-22swim2","Malie",2016-07-11 00:14:53,2016-07-11 00:15:57,64.7000000476837,0.473570311483391,0.301532427264445,19.6609132859643,30.8580959796582,2016-07-12 09:15:58,2016-07-12 09:17:32,94,3.22041990808033,"swim2",12,"Taronga","Male","ASL","Malie22-11-14_2.csv",2014-11-22,"01:05",65,23,158,"swim",20.3824044815211,2.97269529976646,18.8145272137118
"Malie2014-11-23rest","Malie",2016-07-11 00:07:12,2016-07-11 00:10:41,209.299999952316,0.248827528265703,0.155148852426055,32.4021688076868,51.9847562224875,2016-07-12 09:08:23,2016-07-12 09:10:37,134,1.60792194808193,"rest",12,"Taronga","Male","ASL",NA,NA,NA,0,NA,NA,"rest",NA,Inf,NA
"Malie2014-11-23swim1","Malie",2016-07-11 00:12:07,2016-07-11 00:13:03,55.5,0.525355588762095,0.332609999967685,18.4052943201869,29.0302742798983,2016-07-12 09:13:06,2016-07-12 09:15:13,127,2.73710481497855,"swim1",12,"Taronga","Male","ASL","Malie23-11-14_1.csv",2014-11-23,"00:56",56,0,155,"swim",17.6587407417971,2.93261230176273,18.9200793662112
"Malie2014-11-25rest","Malie",2016-07-11 00:08:13,2016-07-11 00:11:16,183.700000047684,0.304459892138097,0.193219555043771,35.4216529741919,55.7949192983676,2016-07-12 09:08:52,2016-07-12 09:10:59,127,1.75224840381878,"rest",12,"Taronga","Male","ASL",NA,NA,NA,0,NA,NA,"rest",NA,Inf,NA
"Malie2014-11-25swim1","Malie",2016-07-11 00:12:47,2016-07-11 00:14:25,98,0.46432390561611,0.294382902332129,29.0162264411013,45.756292681394,2016-07-12 09:14:16,2016-07-12 09:16:04,108,3.69241866414047,"swim1",12,"Taronga","Male","ASL","Malie25-11-14_1.csv",2014-11-25,"01:39",99,35,155,"swim",23.8220558976804,2.23782949341846,14.4376096349578
"Malie2014-11-25swim2","Malie",2016-07-11 00:17:46,2016-07-11 00:19:33,107,0.49996531977716,0.318691539038227,34.2037459605677,53.7196719383263,2016-07-12 09:19:26,2016-07-12 09:21:10,104,3.99200085305507,"swim2",12,"Taronga","Male","ASL","Malie25-11-14_2.csv",2014-11-25,"01:46",106,37,155,"swim",25.7548442132585,2.25962312437079,14.578213705618
"Malie2014-11-26rest","Malie",2016-07-11 00:13:19,2016-07-11 00:16:19,180.400000095367,0.26695420691561,0.166957539115584,30.2647653091957,48.4021100676335,2016-07-12 09:13:28,2016-07-12 09:16:06,158,1.63401919121491,"rest",12,"Taronga","Male","ASL",NA,NA,NA,0,NA,NA,"rest",NA,Inf,NA
"Malie2014-11-26swim1","Malie",2016-07-11 00:18:38,2016-07-11 00:20:00,81.7000000476837,0.470162686724642,0.297914198408834,24.1360620737095,38.1455332033676,2016-07-12 09:20:04,2016-07-12 09:22:19,135,3.00404033257806,"swim1",12,"Taronga","Male","ASL","Malie26-11-14_1.csv",2014-11-26,"01:21",81,32,153,"swim",19.6342505397259,2.22521506116893,14.5438892886858
"Malie2014-11-26swim2","Malie",2016-07-11 00:23:42,2016-07-11 00:24:40,57.5999999046326,0.571770694351965,0.361015100370072,20.5537152288093,32.523766168281,2016-07-12 09:24:37,2016-07-12 09:26:40,123,2.92068446079935,"swim2",12,"Taronga","Male","ASL","Malie26-11-14_2.csv",2014-11-26,"00:58",58,25,153,"swim",19.0894409202572,3.02139771806829,19.7476975037143
"Malie2014-11-27rest","Malie",2016-07-11 00:33:27,2016-07-11 00:36:09,162.5,0.199050245436351,0.127255541662353,20.6743293061163,32.3395895470089,2016-07-12 09:34:15,2016-07-12 09:36:12,117,1.78605895026938,"rest",12,"Taronga","Male","ASL",NA,NA,NA,0,NA,NA,"rest",NA,Inf,NA
"Malie2014-11-27swim1","Malie",2016-07-11 00:38:20,2016-07-11 00:39:49,88.7999999523163,0.511131749782713,0.324586604826405,28.5160829324531,44.8709168159416,2016-07-12 09:40:06,2016-07-12 09:42:03,117,3.31115773660876,"swim1",12,"Taronga","Male","ASL","Malie27-11-14_1.csv",2014-11-27,"01:29",89,30,153,"swim",21.6415538340442,2.23224117074748,14.5898115735129
"Malie2014-11-27swim2","Malie",2016-07-11 00:43:33,2016-07-11 00:45:18,105,0.527817545207502,0.333020849752658,34.9404593508607,55.4204234390966,2016-07-12 09:45:34,2016-07-12 09:47:41,127,3.30219896245833,"swim2",12,"Taronga","Male","ASL","Malie27-11-14_2.csv",2014-11-27,"01:45",105,36,153,"swim",21.5829997546296,1.88697083569048,12.3331427169312
"Malie2014-11-28rest","Malie",2016-07-11 00:37:35,2016-07-11 00:40:20,164.799999952316,0.198739968163364,0.129839866884102,21.4070632829523,32.7606597632078,2016-07-12 09:38:38,2016-07-12 09:40:38,120,1.7430233170161,"rest",12,"Taronga","Male","ASL",NA,NA,NA,0,NA,NA,"rest",NA,Inf,NA
"Malie2014-11-28swim1","Malie",2016-07-11 00:42:22,2016-07-11 00:43:59,96.5999999046326,0.559146975420048,0.356795110474746,34.5192989033726,54.082017795322,2016-07-12 09:44:17,2016-07-12 09:46:22,125,3.23215851941642,"swim1",12,"Taronga","Male","ASL","Malie28-11-14_1.csv",2014-11-28,"01:37",97,30,153,"swim",21.1252190811531,1.99927331097923,13.0671458233936
"Malie2014-11-28swim2","Malie",2016-07-11 00:47:55,2016-07-11 00:49:51,116,0.485895698423703,0.31166163772523,36.0334523451617,56.1543781209078,2016-07-12 09:50:18,2016-07-12 09:52:14,116,3.08487457334765,"swim2",12,"Taronga","Male","ASL","Malie28-11-14_2.csv",2014-11-28,"01:56",116,36,153,"swim",20.162578910769,1.59562477931775,10.4289201262598
"Mav2014-11-15swim1","Mav",2016-07-11 00:24:07,2016-07-11 00:25:02,55,0.497147023049484,0.314448049796444,17.3093167856423,27.3803412340357,2016-07-12 09:25:05,2016-07-12 09:27:44,159,2.5055500130313,"swim1",13,"Taronga","Male","NZFS","Mav15-11-14_1.csv",2014-11-15,"00:55",55,0,149,"swim",16.8157718995389,2.73332728694324,18.3444784358607
"Mav2014-11-15swim2","Mav",2016-07-11 00:28:23,2016-07-11 00:29:09,45.0999999046326,0.760887654109348,0.47052631184894,21.2616656836029,34.3795911440552,2016-07-12 09:29:12,2016-07-12 09:30:55,103,2.33584404601996,"swim2",13,"Taronga","Male","NZFS","Mav15-11-14_2.csv",2014-11-15,"00:45",45,0,149,"swim",15.6768056779863,3.11445872802662,20.9024075706485
"Mav2014-11-17rest","Mav",2016-07-11 00:34:47,2016-07-11 00:38:26,219.400000095367,0.13291350267664,0.0850944857573891,18.8246081353112,29.3696106340981,2016-07-12 09:36:23,2016-07-12 09:38:23,120,1.55225401854135,"rest",13,"Taronga","Male","NZFS",NA,NA,NA,0,NA,NA,"rest",NA,Inf,NA
"Mav2014-11-17swim1","Mav",2016-07-11 00:41:25,2016-07-11 00:42:22,57,0.588933209027946,0.373612381277796,21.222098293558,33.4584987693561,2016-07-12 10:13:56,2016-07-12 10:16:38,162,2.74726423545261,"swim1",13,"Taronga","Male","NZFS",NA,NA,NA,0,NA,NA,"swim",NA,Inf,NA
"Mav2014-11-18rest","Mav",2016-07-11 00:41:35,2016-07-11 00:44:56,201.299999952316,0.134673827363417,0.0857620886793708,17.1509854735522,26.9369612554957,2016-07-12 09:42:41,2016-07-12 09:44:43,122,1.32758236784822,"rest",13,"Taronga","Male","NZFS",NA,NA,NA,0,NA,NA,"rest",NA,Inf,NA
"Mav2014-11-18swim1","Mav",2016-07-11 00:46:41,2016-07-11 00:47:38,57.5,0.461602770732457,0.293988482755418,16.750979630757,26.2728679906981,2016-07-12 09:47:40,2016-07-12 09:49:30,110,2.9610363877987,"swim1",13,"Taronga","Male","NZFS","Mav18-11-14_1.csv",2014-11-18,"00:58",58,19,149,"swim",19.8727274348906,3.06314109082625,20.5579938981627
"Mav2014-11-18swim2","Mav",2016-07-11 00:50:59,2016-07-11 00:51:53,53.5999999046326,0.491325225861752,0.309226122051499,16.6689224921072,26.4773222835682,2016-07-12 09:51:53,2016-07-12 09:53:51,118,2.61020773617108,"swim2",13,"Taronga","Male","NZFS","Mav18-11-14_2.csv",2014-11-18,"00:54",54,19,149,"swim",17.5181727259804,2.90023081796786,19.4646363622004
"Mav2014-11-19rest","Mav",2016-07-11 00:30:21,2016-07-11 00:33:30,188.700000047684,0.120055132424062,0.0769687960453619,14.4694536030965,22.5830138668334,2016-07-12 09:31:35,2016-07-12 09:33:33,118,1.29068944383119,"rest",13,"Taronga","Male","NZFS",NA,NA,NA,0,NA,NA,"rest",NA,Inf,NA
"Mav2014-11-19swim1","Mav",2016-07-11 00:35:12,2016-07-11 00:36:12,60,0.389454279171961,0.246831982036776,14.6998160756548,23.2202725459135,2016-07-12 09:36:23,2016-07-12 09:38:11,108,2.72194037368079,"swim1",13,"Taronga","Male","NZFS","Mav19-11-14_1.csv",2014-11-19,"01:01",61,0,153,"swim",17.790459958698,2.67731840034176,17.4988130741291
"Mav2014-11-19swim2","Mav",2016-07-11 00:39:29,2016-07-11 00:40:27,58.5,0.507485978260396,0.325546971785571,19.1479674806296,29.8404763553432,2016-07-12 09:40:45,2016-07-12 09:42:22,97,2.52144523874433,"swim2",13,"Taronga","Male","NZFS","Mav19-11-14_2.csv",2014-11-19,"00:59",59,0,153,"swim",16.480034240159,2.56418159872304,16.759356854399
"Mav2014-11-21rest","Mav",2016-07-11 00:16:10,2016-07-11 00:19:22,192.299999952316,0.228407006237477,0.147409196662411,28.268033942703,43.800531849877,2016-07-12 08:56:14,2016-07-12 08:58:16,122,1.50006478840416,"rest",13,"Taronga","Male","NZFS",NA,NA,NA,0,NA,NA,"rest",NA,Inf,NA
"Mav2014-11-21swim1","Mav",2016-07-11 00:00:51,2016-07-11 00:01:49,57.5,0.38336127579042,0.242403453224298,13.9750456687375,22.0671345201027,2016-07-12 09:01:51,2016-07-12 09:03:32,101,2.88886524190824,"swim1",13,"Taronga","Male","NZFS","Mav21-11-14_1.csv",2014-11-21,"00:57",57,21,155,"swim",18.6378402703758,3.04091078095604,19.6187792319745
"Mav2014-11-21swim2","Mav",2016-07-11 00:05:12,2016-07-11 00:06:09,56.5,0.414121392934295,0.264318554044702,14.933200146521,23.4315153158719,2016-07-12 09:06:20,2016-07-12 09:08:33,133,2.47135768327395,"swim2",13,"Taronga","Male","NZFS","Mav21-11-14_2.csv",2014-11-21,"00:58",58,19,155,"swim",15.9442431178965,2.55657691373168,16.4940446047205
"Mav2014-11-24swim1","Mav",2016-07-11 00:36:59,2016-07-11 00:37:56,56.7999999523163,0.392498437091054,0.250042165888018,14.2346593860143,22.355920197362,2016-07-12 09:38:09,2016-07-12 09:40:18,129,3.00651403398605,"swim1",13,"Taronga","Male","NZFS","Mav24-11-14_1.csv",2014-11-24,"00:57",57,NA,157,"swim",19.1497709171086,3.16475161472216,20.1576535969564
"Mav2014-11-24swim2","Mav",2016-07-11 00:41:14,2016-07-11 00:42:21,66.7000000476837,0.401755818600366,0.254005351104649,17.021641015419,26.9503001751975,2016-07-12 09:42:31,2016-07-12 09:43:55,84,2.44081692441607,"swim2",13,"Taronga","Male","NZFS","Mav24-11-14_2.csv",2014-11-24,"00:44",44,NA,157,"swim",15.5466046141151,3.32838671511282,21.1999153828842
"Mav2014-11-25rest","Mav",2016-07-11 00:08:13,2016-07-11 00:11:16,183.700000047684,0.304459892138097,0.193219555043771,35.4216529741919,55.7949192983676,2016-07-12 09:13:58,2016-07-12 09:15:55,117,1.49693477186344,"rest",13,"Taronga","Male","NZFS",NA,NA,NA,0,NA,NA,"rest",NA,Inf,NA
"Mav2014-11-25swim1","Mav",2016-07-11 00:47:23,2016-07-11 00:48:23,60,0.314184827501087,0.19885314880538,11.8621970079487,18.7124464735321,2016-07-12 09:19:00,2016-07-12 09:20:48,108,2.95374060600475,"swim1",13,"Taronga","Male","NZFS","Mav25-11-14_1.csv",2014-11-25,"01:07",67,18,159,"swim",18.5769849434261,2.64514084119828,16.636105919486
"Mav2014-11-25swim2","Mav",2016-07-11 00:51:22,2016-07-11 00:52:29,67.7000000476837,0.390087973076706,0.245420491420001,16.6533218576278,26.462628029027,2016-07-12 09:23:03,2016-07-12 09:25:26,143,2.49195727039443,"swim2",13,"Taronga","Male","NZFS","Mav25-11-14_2.csv",2014-11-25,"01:07",67,23,159,"swim",15.6726872351851,2.23160352572636,14.0352423001658
"Mav2014-11-26rest","Mav",2016-07-11 00:13:19,2016-07-11 00:16:19,180.400000095367,0.26695420691561,0.166957539115584,30.2647653091957,48.4021100676335,2016-07-12 10:00:32,2016-07-12 10:02:31,119,1.6913100634699,"rest",13,"Taronga","Male","NZFS",NA,NA,NA,0,NA,NA,"rest",NA,Inf,NA
"Mav2014-11-26swim1","Mav",2016-07-11 00:04:38,2016-07-11 00:05:34,56,0.479858879495917,0.308121805949271,17.3496245398598,27.0457752764799,2016-07-12 10:05:54,2016-07-12 10:07:55,121,2.70997907255824,"swim1",13,"Taronga","Male","NZFS","Mav26-11-14_1.csv",2014-11-26,"00:56",56,20,161,"swim",16.8321681525356,2.9035490063124,18.0344658777168
"Mav2014-11-26swim2","Mav",2016-07-11 00:09:21,2016-07-11 00:10:21,60.5,0.37897173271663,0.24197481922687,14.5780391330688,22.8336119622559,2016-07-12 10:10:26,2016-07-12 10:12:04,98,2.86864388039097,"swim2",13,"Taronga","Male","NZFS","Mav26-11-14_2.csv",2014-11-26,"00:59",59,24,161,"swim",17.8176638533601,2.91726496310946,18.1196581559594
"Maxine2014-11-01rest","Maxine",2016-07-11 00:41:51,2016-07-11 00:45:17,205.700000047684,0.165856794973533,0.104318875753774,23.7545118331393,37.9051749826135,2016-07-12 07:42:10,2016-07-12 07:45:05,175,0.73818777864085,"rest",17,"DMM","Female","ASL",NA,NA,NA,0,NA,NA,"rest",NA,Inf,NA
"Maxine2014-11-01swim1","Maxine",2016-07-11 00:47:19,2016-07-11 00:48:49,90,0.57103943410193,0.36617373786992,29.8035513698814,46.3378649876988,2016-07-12 08:30:48,2016-07-12 08:33:44,176,1.90726159714285,"swim1",17,"DMM","Female","ASL","Maxine01-11-14_1.csv",2014-11-01,"01:30",90,NA,68,"swim",28.0479646638654,1.27150773142857,18.6986431092436
"Maxine2014-10-20rest","Maxine",2016-07-11 00:54:36,2016-07-11 00:58:43,246.299999952316,0.158785281107816,0.100315766417008,25.7658933461305,40.9630212653832,2016-07-12 08:01:24,2016-07-12 08:03:24,120,0.737214390973493,"rest",17,"DMM","Female","ASL",NA,NA,NA,0,NA,NA,"rest",NA,Inf,NA
"Maxine2014-10-20swim1","Maxine",2016-07-11 00:04:00,2016-07-11 00:05:38,98,0.535634465199829,0.342255363084495,35.9275275016484,56.0653153498795,2016-07-12 08:06:41,2016-07-12 08:08:32,111,2.50162130315843,"swim1",17,"DMM","Female","ASL","Maxine20-10-14_1.csv",2014-10-20,"01:38",98,NA,68,"swim",36.7885485758593,1.53160487948475,22.5236011688934
"Maxine2014-10-25rest","Maxine",2016-07-11 00:24:14,2016-07-11 00:27:44,210.299999952316,0.136414053069826,0.0867056906707544,21.0477540323616,33.2864651874323,2016-07-12 07:55:13,2016-07-12 07:57:20,127,0.595198549298812,"rest",17,"DMM","Female","ASL",NA,NA,NA,0,NA,NA,"rest",NA,Inf,NA
"Maxine2014-10-25swim1","Maxine",2016-07-11 00:29:32,2016-07-11 00:30:37,65.2000000476837,0.138268127847916,0.0874174476677965,22.2850629756392,34.9096618458114,2016-07-12 08:00:38,2016-07-12 08:03:28,170,1.85803749005849,"swim1",17,"DMM","Female","ASL","Maxine25-10-14_1.csv",2014-10-25,"01:05",65,NA,68,"swim",27.3240807361543,1.71511152928476,25.2222283718348
"Maxine2014-10-28rest","Maxine",2016-07-11 00:22:45,2016-07-11 00:24:41,116.400000095367,0.15188419516453,0.0954053081371378,10.0672746266657,15.8403191331331,2016-07-12 07:24:53,2016-07-12 07:26:52,119,0.816976451034337,"rest",17,"DMM","Female","ASL",NA,NA,NA,0,NA,NA,"rest",NA,Inf,NA
"Maxine2014-10-29rest","Maxine",2016-07-11 00:16:22,2016-07-11 00:18:56,154,0.531480385535209,0.340898401317158,13.5242219040717,21.4051397139749,2016-07-12 08:17:06,2016-07-12 08:19:08,122,1.02054472616841,"rest",17,"DMM","Female","ASL",NA,NA,NA,0,NA,NA,"rest",NA,Inf,NA
"Maxine2014-10-30rest","Maxine",2016-07-11 00:49:56,2016-07-11 00:53:12,196.200000047684,0.410623569477209,0.26876939376279,18.6600527296605,29.7097074626015,2016-07-12 07:50:18,2016-07-12 07:52:18,120,0.787532266003814,"rest",17,"DMM","Female","ASL",NA,NA,NA,0,NA,NA,"rest",NA,Inf,NA
"Maxine2014-10-30swim1","Maxine",2016-07-11 00:54:52,2016-07-11 00:56:56,124.200000047684,0.198579287827928,0.125582512137323,42.3392434474238,66.0386301329619,2016-07-12 07:57:07,2016-07-12 07:58:34,87,2.32384098371611,"swim1",17,"DMM","Female","ASL","Maxine30-10-14_2.csv",2014-10-30,"00:35",35,NA,68,"swim",34.1741321134721,3.98372740065618,58.584226480238
"Maxine2014-10-30swim1","Maxine",2016-07-11 00:54:52,2016-07-11 00:56:56,124.200000047684,0.198579287827928,0.125582512137323,42.3392434474238,66.0386301329619,2016-07-12 07:57:07,2016-07-12 07:58:34,87,2.32384098371611,"swim1",17,"DMM","Female","ASL","Maxine30-10-14_1.csv",2014-10-30,"02:04",124,NA,68,"swim",34.1741321134721,1.12443918566908,16.5358703774865
"Maxine2014-10-30swim2","Maxine",2016-07-11 00:58:31,2016-07-11 00:59:09,37.7000000476837,0.558507788822407,0.359364686758204,10.1247952472825,15.4727337353442,2016-07-12 07:59:11,2016-07-12 08:00:06,55,1.46034993572041,"swim2",17,"DMM","Female","ASL",NA,NA,NA,0,NA,NA,"swim",NA,Inf,NA
"Maxine2014-10-31rest","Maxine",2016-07-11 00:45:19,2016-07-11 00:48:38,199.5,0.184448313901719,0.115567665356124,25.0983427608837,39.7101187904023,2016-07-12 07:45:49,2016-07-12 07:47:33,104,0.687078291293239,"rest",17,"DMM","Female","ASL",NA,NA,NA,0,NA,NA,"rest",NA,Inf,NA
"Maxine2014-10-31swim1","Maxine",2016-07-11 00:50:07,2016-07-11 00:52:22,134.599999904633,0.516182366784346,0.331992113803106,48.2349440743352,74.968253606039,2016-07-12 07:52:28,2016-07-12 07:54:42,134,2.73069818808079,"swim1",17,"DMM","Female","ASL","Maxine31-10-14_1.csv",2014-10-31,"02:10",130,NA,68,"swim",40.1573262953058,1.26032224065267,18.5341505978334
"Miri2014-11-01rest","Miri",2016-07-11 00:05:42,2016-07-11 00:08:54,192.400000095367,0.176166045601663,0.112236406298851,17.1883036896585,27.2495057891133,2016-07-12 08:06:32,2016-07-12 08:08:48,136,0.595688814001919,"rest",5,"DMM","Female","ASL",NA,NA,NA,0,NA,NA,"rest",NA,Inf,NA
"Miri2014-11-01swim1","Miri",2016-07-11 00:10:13,2016-07-11 00:11:42,89.0999999046326,1.22881717031656,0.769030411700223,20.4219261601434,31.9364018715541,2016-07-12 08:11:51,2016-07-12 08:14:14,143,1.88248969851937,"swim1",5,"DMM","Female","ASL","Miri01-11-14_1.csv",2014-11-01,"01:29",89,NA,45,"swim",41.8331044115415,1.2690941787771,28.2020928617133
"Miri2014-11-01swim2","Miri",2016-07-11 00:15:14,2016-07-11 00:16:38,84.4000000953674,0.136465859246243,0.0870101963292463,18.2065253149259,28.2290752443048,2016-07-12 08:16:45,2016-07-12 08:20:05,200,1.80637113301819,"swim2",5,"DMM","Female","ASL","Miri01-11-14_2.csv",2014-11-01,"01:24",84,NA,45,"swim",40.1415807337375,1.29026509501299,28.6725576669554
"Miri2014-10-20rest","Miri",2016-07-11 00:40:25,2016-07-11 00:43:28,182.900000095367,0.142506362979008,0.0900437444614683,20.6270003895733,32.3992725044694,2016-07-12 07:42:35,2016-07-12 07:44:17,102,0.812603609392284,"rest",5,"DMM","Female","ASL",NA,NA,NA,0,NA,NA,"rest",NA,Inf,NA
"Miri2014-10-20swim1","Miri",2016-07-11 00:45:11,2016-07-11 00:46:31,79.7999999523163,0.487931227060021,0.3126007032228,61.8104389625939,98.728971616687,2016-07-12 08:17:28,2016-07-12 08:19:29,121,2.03757649331228,"swim1",5,"DMM","Female","ASL",NA,NA,NA,0,NA,NA,"swim",NA,Inf,NA
"Miri2014-10-22rest","Miri",2016-07-11 00:27:22,2016-07-11 00:30:16,173.5,0.500120792338815,0.32002112695162,15.0279952518672,23.5403042544026,2016-07-12 07:28:18,2016-07-12 07:30:21,123,0.672417722453619,"rest",5,"DMM","Female","ASL",NA,NA,NA,0,NA,NA,"rest",NA,Inf,NA
"Miri2014-10-25rest","Miri",2016-07-11 00:54:42,2016-07-11 00:57:25,163,0.208742132616429,0.13127210719089,14.6552980665943,23.1874684795003,2016-07-12 07:55:20,2016-07-12 07:57:20,120,0.578185002061696,"rest",5,"DMM","Female","ASL",NA,NA,NA,0,NA,NA,"rest",NA,Inf,NA
"Miri2014-10-25swim1","Miri",2016-07-11 00:45:11,2016-07-11 00:46:27,75.7999999523163,0.49082055376766,0.313626887525044,23.7517161473941,37.0904673157304,2016-07-12 08:00:38,2016-07-12 08:03:28,170,1.85803749005849,"swim1",5,"DMM","Female","ASL","Miri25-10-14_1.csv",2014-10-25,"01:16",76,NA,45,"swim",41.2897220012999,1.46687170267776,32.5971489483946
"Miri2014-10-28swim1","Miri",2016-07-11 00:08:43,2016-07-11 00:10:09,85.5,0.199219655747234,0.125514293883882,27.3246249766813,42.7272953061448,2016-07-12 08:10:18,2016-07-12 08:14:01,223,1.59546376357919,"swim1",5,"DMM","Female","ASL","Miri28-10-14_1.csv",2014-10-28,"01:26",86,NA,45,"swim",35.4547503017599,1.1131142536599,24.7358723035534
"Miri2014-10-29rest","Miri",2016-07-11 00:55:45,2016-07-11 00:59:13,207.700000047684,0.441997995127159,0.281961007716309,27.25831827663,43.3695617187151,2016-07-12 07:56:53,2016-07-12 07:59:00,127,0.396386804308974,"rest",5,"DMM","Female","ASL",NA,NA,NA,0,NA,NA,"rest",NA,Inf,NA
"Miri2014-10-29swim1","Miri",2016-07-11 00:01:10,2016-07-11 00:02:21,71.5,0.191722023415269,0.120747402104127,22.4075843698362,35.0381187852551,2016-07-12 08:02:33,2016-07-12 08:04:47,134,1.67826667407811,"swim1",5,"DMM","Female","ASL","Miri29-10-14_1.csv",2014-10-29,"01:12",72,NA,45,"swim",37.2948149795136,1.39855556173176,31.079012482928
"Miri2014-10-30rest","Miri",2016-07-11 00:09:45,2016-07-11 00:12:32,167,0.393498177927419,0.253744723859632,20.9446101544816,33.2504759637756,2016-07-12 08:10:02,2016-07-12 08:12:17,135,0.682985670782062,"rest",5,"DMM","Female","ASL",NA,NA,NA,0,NA,NA,"rest",NA,Inf,NA
"Miri2014-10-30swim1","Miri",2016-07-11 00:14:18,2016-07-11 00:15:53,95.2000000476837,0.141537092154036,0.0893046454150302,26.9312158517719,42.1977924860408,2016-07-12 08:15:57,2016-07-12 08:19:26,209,1.89398842178718,"swim1",5,"DMM","Female","ASL","Miri30-10-14_1.csv",2014-10-30,"01:35",95,NA,45,"swim",42.0886315952706,1.19620321376032,26.5822936391183
"Miri2014-10-31rest","Miri",2016-07-11 00:28:36,2016-07-11 00:32:06,210.299999952316,0.360229683971323,0.230485898133338,25.3541211083131,40.2420861540339,2016-07-12 07:29:56,2016-07-12 07:32:03,127,0.581694782530849,"rest",5,"DMM","Female","ASL",NA,NA,NA,0,NA,NA,"rest",NA,Inf,NA
"Miri2014-10-31swim1","Miri",2016-07-11 00:34:05,2016-07-11 00:35:27,82.5,0.332294655374036,0.21434725772103,20.8385089453624,32.3430898546603,2016-07-12 07:35:35,2016-07-12 07:38:29,174,1.8412063463349,"swim1",5,"DMM","Female","ASL","Miri31-10-14_1.csv",2014-10-31,"01:23",83,NA,45,"swim",40.9156965852199,1.3309925395192,29.5776119893156
"Rocky2014-11-01rest","Rocky",2016-07-11 00:23:27,2016-07-11 00:27:41,254,0.178089612465084,0.112414369725836,18.8304403831825,29.7158122839016,2016-07-12 07:25:37,2016-07-12 07:27:39,122,1.07093484640589,"rest",9,"DMM","Male","ASL",NA,NA,NA,0,NA,NA,"rest",NA,Inf,NA
"Rocky2014-11-01swim1","Rocky",2016-07-11 00:28:41,2016-07-11 00:31:03,142,0.571845291181135,0.36325391742085,73.5941116868242,113.513111689945,2016-07-12 07:31:13,2016-07-12 07:34:16,183,3.62381140385975,"swim1",9,"DMM","Male","ASL","Rocky01-11-14_1.csv",2014-11-01,"02:22",142,NA,110,"swim",32.9437400350886,1.53118791712384,13.9198901556712
"Rocky2014-10-20rest","Rocky",2016-07-11 00:11:50,2016-07-11 00:15:36,225.799999952316,0.115577566620117,0.073878440335225,25.4104124304942,40.2659677206495,2016-07-12 07:14:27,2016-07-12 07:16:13,106,1.4058907530522,"rest",9,"DMM","Male","ASL",NA,NA,NA,0,NA,NA,"rest",NA,Inf,NA
"Rocky2014-10-20swim1","Rocky",2016-07-11 00:17:52,2016-07-11 00:20:05,133.400000095367,0.0723782684837815,0.0461638574152266,48.6110843038227,76.5255418992586,2016-07-12 07:21:06,2016-07-12 07:23:54,168,4.1029052286873,"swim1",9,"DMM","Male","ASL","Rocky20-10-14_1.csv",2014-10-20,"02:13",133,NA,110,"swim",37.2991384426118,1.85093468963337,16.826678996667
"Rocky2014-10-22rest","Rocky",2016-07-11 00:54:12,2016-07-11 00:57:23,191.200000047684,0.631421892808659,0.407905957949039,14.1774201512732,22.1537693520123,2016-07-12 07:55:34,2016-07-12 07:57:37,123,1.4949940755094,"rest",9,"DMM","Male","ASL",NA,NA,NA,0,NA,NA,"rest",NA,Inf,NA
"Rocky2014-10-25rest","Rocky",2016-07-11 00:38:48,2016-07-11 00:42:17,208.799999952316,0.0932005732730201,0.0593226438901154,9.63394811572521,15.119389119431,2016-07-12 07:40:02,2016-07-12 07:41:55,113,1.13918070223541,"rest",9,"DMM","Male","ASL",NA,NA,NA,0,NA,NA,"rest",NA,Inf,NA
"Rocky2014-10-25swim1","Rocky",2016-07-11 00:43:54,2016-07-11 00:45:25,91.9000000953674,0.644476520128982,0.406189784677123,37.3731368096729,57.7441539235,2016-07-12 07:45:31,2016-07-12 07:48:09,158,4.0833045793348,"swim1",9,"DMM","Male","ASL","Rocky25-10-14_1.csv",2014-10-25,"01:32",92,NA,110,"swim",37.1209507212254,2.66302472565313,24.2093156877557
"Rocky2014-10-28rest","Rocky",2016-07-11 00:44:37,2016-07-11 00:48:49,251.599999904633,0.126620902615716,0.0806306188913001,14.8508350463841,23.3558938480153,2016-07-12 07:46:30,2016-07-12 07:48:39,129,1.0752424943139,"rest",9,"DMM","Male","ASL",NA,NA,NA,0,NA,NA,"rest",NA,Inf,NA
"Rocky2014-10-28swim1","Rocky",2016-07-11 00:50:14,2016-07-11 00:52:08,113.799999952316,0.580143125692487,0.367719686029046,46.2825456139133,73.4805298161712,2016-07-12 07:52:14,2016-07-12 07:55:42,208,3.33897254975026,"swim1",9,"DMM","Male","ASL","Rocky28-10-14_1.csv",2014-10-28,"01:54",114,NA,110,"swim",30.3542959068205,1.75735397355277,15.9759452141161
"Rocky2014-10-29rest","Rocky",2016-07-11 00:30:14,2016-07-11 00:34:45,271,0.109272249361937,0.069349351411113,21.8642711843124,34.3332696367622,2016-07-12 07:32:42,2016-07-12 07:34:44,122,1.11931836481505,"rest",9,"DMM","Male","ASL",NA,NA,NA,0,NA,NA,"rest",NA,Inf,NA
"Rocky2014-10-29swim1","Rocky",2016-07-11 00:36:14,2016-07-11 00:38:03,109.200000047684,0.593862920767366,0.37461207898105,40.083812244978,63.2148523850092,2016-07-12 07:38:16,2016-07-12 07:41:46,210,3.27773424598891,"swim1",9,"DMM","Male","ASL","Rocky29-10-14_1.csv",2014-10-29,"01:49",109,NA,110,"swim",29.7975840544446,1.80425738311316,16.4023398464833
"Rocky2014-10-30rest","Rocky",2016-07-11 00:27:20,2016-07-11 00:31:27,247.400000095367,0.143402313780572,0.0904437115167472,17.170343412478,27.0300058151959,2016-07-12 07:28:52,2016-07-12 07:31:20,148,1.19665962152788,"rest",9,"DMM","Male","ASL",NA,NA,NA,0,NA,NA,"rest",NA,Inf,NA
"Rocky2014-10-30swim1","Rocky",2016-07-11 00:32:59,2016-07-11 00:34:59,120,0.715630070602588,0.459498543492821,44.7705406851222,70.9450355667461,2016-07-12 07:35:05,2016-07-12 07:38:17,192,3.53033760256963,"swim1",9,"DMM","Male","ASL","Rocky30-10-14_1.csv",2014-10-30,"02:00",120,NA,110,"swim",32.0939782051785,1.76516880128482,16.0469891025892
"Rocky2014-10-31rest","Rocky",2016-07-11 00:02:39,2016-07-11 00:06:07,208.200000047684,0.117619811131952,0.0745270400110591,18.7757753797242,29.7555467702287,2016-07-12 08:03:59,2016-07-12 08:06:00,121,1.47968545375179,"rest",9,"DMM","Male","ASL",NA,NA,NA,0,NA,NA,"rest",NA,Inf,NA
"Rocky2014-10-31swim1","Rocky",2016-07-11 00:07:22,2016-07-11 00:09:44,142.299999952316,0.799988899049257,0.518122039711911,65.1961095960435,101.538628470046,2016-07-12 08:09:53,2016-07-12 08:13:17,204,3.83727235629184,"swim1",9,"DMM","Male","ASL","Rocky31-10-14_1.csv",2014-10-31,"02:22",142,36,110,"swim",34.8842941481076,1.62138268575712,14.739842597792
"Ronnie2014-11-15swim2","Ronnie",2016-07-11 00:49:55,2016-07-11 00:50:45,49.7999999523163,0.731949058444533,0.469235517239573,23.2314454401453,36.2437937319559,2016-07-12 23:54:37,2016-07-12 23:56:02,85,1.76257508367428,"swim2",8,"Taronga","Male","NZFS","Ronnie15-11-14_2.csv",2014-11-15,"00:47",47,0,54,"swim",32.6402793273016,2.25009585149909,41.6684416944275
"Ronnie2014-11-19rest","Ronnie",2016-07-11 00:09:02,2016-07-11 00:12:06,184,0.158485891307396,0.0999706491964126,18.2984669575561,28.9959909358833,2016-07-12 09:10:21,2016-07-12 09:12:20,119,0.804241108803746,"rest",8,"Taronga","Male","NZFS",NA,NA,NA,0,NA,NA,"rest",NA,Inf,NA
"Ronnie2014-11-19swim2","Ronnie",2016-07-11 00:17:30,2016-07-11 00:18:15,44.7000000476837,0.652261064646851,0.414788340892126,18.4890321641901,29.0703804640176,2016-07-12 09:18:28,2016-07-12 09:20:01,93,1.5558292415599,"swim2",8,"Taronga","Male","NZFS","Ronnie19-11-14_2.csv",2014-11-19,"00:45",45,0,54,"swim",28.8116526214797,2.07443898874654,38.4155368286396
"Ronnie2014-11-20rest","Ronnie",2016-07-11 00:06:45,2016-07-11 00:09:56,190.900000095367,0.132577818824035,0.0842839817229249,16.026671028859,25.2066189734066,2016-07-12 09:08:04,2016-07-12 09:10:03,119,0.656874198229275,"rest",8,"Taronga","Male","NZFS",NA,NA,NA,0,NA,NA,"rest",NA,Inf,NA
"Ronnie2014-11-20swim2","Ronnie",2016-07-11 00:14:45,2016-07-11 00:15:45,59.7999999523163,0.562961039775705,0.356542861776652,21.3806255073152,33.761087745245,2016-07-12 09:15:51,2016-07-12 09:17:03,72,1.97144626963671,"swim2",8,"Taronga","Male","NZFS","Ronnie20-11-14_2.csv",2014-11-20,"01:00",60,22,54,"swim",36.5082642525316,1.97144626963671,36.5082642525316
"Ronnie2014-11-26rest","Ronnie",2016-07-11 00:39:29,2016-07-11 00:42:11,162.200000047684,0.242013241940908,0.153429790057224,24.9327810380475,39.3065454038841,2016-07-12 09:39:37,2016-07-12 09:41:59,142,1.04845123852509,"rest",8,"Taronga","Male","NZFS",NA,NA,NA,0,NA,NA,"rest",NA,Inf,NA
"Ronnie2014-11-26swim1","Ronnie",2016-07-11 00:43:52,2016-07-11 00:44:59,67,0.594368495395367,0.378295080683688,25.4298623413207,39.9523901826783,2016-07-12 09:44:54,2016-07-12 09:46:02,68,2.34208524811236,"swim1",8,"Taronga","Male","NZFS","Ronnie26-11-14_1.csv",2014-11-26,"01:07",67,18,55,"swim",42.5833681474974,2.09738977442898,38.1343595350723
"Ronnie2014-11-27rest","Ronnie",2016-07-11 00:16:37,2016-07-11 00:20:07,209.799999952316,0.216772178990265,0.136259848966254,28.6897043394767,45.627944595192,2016-07-12 09:18:23,2016-07-12 09:20:20,117,0.737182943282092,"rest",8,"Taronga","Male","NZFS",NA,NA,NA,0,NA,NA,"rest",NA,Inf,NA
"Ronnie2014-11-27swim1","Ronnie",2016-07-11 00:21:22,2016-07-11 00:22:29,67.5,0.736390689566172,0.462292193565106,31.0743932923076,49.4874198621449,2016-07-12 09:22:44,2016-07-12 09:24:15,91,2.0171247954194,"swim1",8,"Taronga","Male","NZFS","Ronnie27-11-14_1.csv",2014-11-27,"01:08",68,29,55,"swim",36.6749962803527,1.77981599595829,32.3602908356053
"Ronnie2014-11-28rest","Ronnie",2016-07-11 00:06:45,2016-07-11 00:09:57,192,0.283319873497575,0.180770522439699,34.6273732608858,54.2821623175826,2016-07-12 09:08:13,2016-07-12 09:10:08,115,0.782469673061051,"rest",8,"Taronga","Male","NZFS",NA,NA,NA,0,NA,NA,"rest",NA,Inf,NA
"Ronnie2014-11-28swim1","Ronnie",2016-07-11 00:11:36,2016-07-11 00:12:46,69.5999999046326,0.665757037560444,0.421260544120418,29.0815067580547,45.9544021254418,2016-07-12 09:13:08,2016-07-12 09:14:54,106,1.65167248997105,"swim1",8,"Taronga","Male","NZFS","Ronnie28-11-14_1.csv",2014-11-28,"01:10",70,18,55,"swim",30.0304089085646,1.41571927711804,25.7403504930553
"Ronnie2014-11-28swim2","Ronnie",2016-07-11 00:15:39,2016-07-11 00:16:54,75,0.608564975106205,0.385605527792926,29.0399827472482,45.8412316636153,2016-07-12 09:17:15,2016-07-12 09:18:22,67,1.98187918696397,"swim2",8,"Taronga","Male","NZFS","Ronnie28-11-14_2.csv",2014-11-28,"01:15",75,23,55,"swim",36.0341670357086,1.58550334957118,28.8273336285669
"Sly2014-12-02rest","Sly",2016-07-11 00:17:13,2016-07-11 00:20:37,204.5,0.455594398781258,0.285773422932741,11.2876360792724,18.152598406239,2016-07-12 16:19:10,2016-07-12 16:21:12,122,1.48930255667574,"rest",11,"UWW","Male","NZFS",NA,NA,NA,0,NA,NA,"rest",NA,Inf,NA
"Sly2014-12-02swim1","Sly",2016-07-11 00:20:37,2016-07-11 00:22:52,135,0.411102611332124,0.255663964042814,34.289432602017,54.0980272620807,2016-07-12 16:23:17,2016-07-12 16:26:17,180,3.66003169874801,"swim1",11,"UWW","Male","NZFS","Sly02-12-14_1.csv",2014-12-02,"02:15",135,34,152,"swim",24.0791559128159,1.62668075499912,10.7018470723626
"Sly2014-12-02swim2","Sly",2016-07-11 00:28:54,2016-07-11 00:31:06,131.799999952316,0.416783212605655,0.261802329169115,36.7585585487408,58.3447242900454,2016-07-12 16:31:31,2016-07-12 16:34:51,200,3.76341131340997,"swim2",11,"UWW","Male","NZFS","Sly02-12-14_2.csv",2014-12-02,"02:12",132,29,152,"swim",24.7592849566446,1.71064150609544,11.2542204348384
"Sly2014-12-04rest","Sly",2016-07-11 00:02:50,2016-07-11 00:04:24,93.5,0.420968577634614,0.265352256476556,9.2636648571343,14.3966703740165,2016-07-12 10:06:37,2016-07-12 10:08:51,134,1.05956903602519,"rest",11,"UWW","Male","NZFS",NA,NA,NA,0,NA,NA,"rest",NA,Inf,NA
"Sly2014-12-04swim1","Sly",2016-07-11 00:08:52,2016-07-11 00:10:41,109.299999952316,0.109232396366825,0.0699632574345575,24.9317280862114,39.7222499656864,2016-07-12 10:11:10,2016-07-12 10:14:03,173,2.4921203806274,"swim1",11,"UWW","Male","NZFS","Sly04-12-14_1.csv",2014-12-04,"01:49",109,22,152,"swim",16.3955288199171,1.3718093838316,9.0250617357342
"Sly2014-12-04swim2","Sly",2016-07-11 00:15:08,2016-07-11 00:16:43,94.5999999046326,0.380133517926529,0.239938609193639,22.6766096131234,36.0505176578298,2016-07-12 10:17:04,2016-07-12 10:19:38,154,2.6012120831535,"swim2",11,"UWW","Male","NZFS","Sly04-12-14_2.csv",2014-12-04,"01:35",95,18,152,"swim",17.1132373891678,1.64287078936011,10.8083604563165
"Sly2014-11-05rest","Sly",2016-07-11 00:17:13,2016-07-11 00:19:36,143.200000047684,0.403963895412856,0.254096100010859,10.0228566075476,15.6808089412499,2016-07-12 10:00:11,2016-07-12 10:01:58,107,1.50584013698649,"rest",11,"UWW","Male","NZFS",NA,NA,NA,0,NA,NA,"rest",NA,Inf,NA
"Sly2014-11-05swim1","Sly",2016-07-11 00:05:32,2016-07-11 00:07:12,100.700000047684,0.0731802352292202,0.0461297160559699,24.0253046194644,38.0357360764775,2016-07-12 10:07:24,2016-07-12 10:09:32,128,3.52284915701247,"swim1",11,"UWW","Male","NZFS","Sly05-11-14_1.csv",2014-11-05,"01:41",101,24,156,"swim",22.5823663911056,2.09278167743315,13.415267163033
"Sly2014-11-05swim2","Sly",2016-07-11 00:11:25,2016-07-11 00:13:26,120.299999952316,0.354922748546773,0.22429327849412,30.478146371341,48.388007295149,2016-07-12 10:13:37,2016-07-12 10:15:39,122,3.97435491589304,"swim2",11,"UWW","Male","NZFS","Sly05-11-14_2.csv",2014-11-05,"02:00",120,32,156,"swim",25.4766340762375,1.98717745794652,12.7383170381187
"Sly2014-12-06rest","Sly",2016-07-11 00:21:16,2016-07-11 00:24:21,184.299999952316,0.379106199703522,0.238546770058614,10.7817394342949,16.7883649369043,2016-07-12 10:23:08,2016-07-12 10:24:54,106,0.906284156469587,"rest",11,"UWW","Male","NZFS",NA,NA,NA,0,NA,NA,"rest",NA,Inf,NA
"Sly2014-12-06swim1","Sly",2016-07-11 00:24:21,2016-07-11 00:26:36,135.299999952316,0.0745210746228681,0.047182752463819,31.3536178209002,49.9332185813738,2016-07-12 10:27:16,2016-07-12 10:30:00,164,3.05258904758607,"swim1",11,"UWW","Male","NZFS","Sly06-12-14_1.csv",2014-12-06,"02:15",135,28,152,"swim",20.0828226814873,1.35670624337159,8.92569896954991
"Sly2014-12-06swim2","Sly",2016-07-11 00:30:14,2016-07-11 00:32:31,137,0.360982209817235,0.22698462973299,37.6925238193375,60.1754566719335,2016-07-12 10:33:12,2016-07-12 10:36:54,222,2.99292223619145,"swim2",11,"UWW","Male","NZFS","Sly06-12-14_2.csv",2014-12-06,"02:17",137,32,152,"swim",19.6902778696806,1.3107688625656,8.62347935898419
"Sly2014-11-07rest","Sly",2016-07-11 00:55:25,2016-07-11 00:58:32,186.799999952316,0.343111560078706,0.217295315592975,8.6101742037942,13.6538397602579,2016-07-12 09:55:41,2016-07-12 09:57:30,109,1.25001060185403,"rest",11,"UWW","Male","NZFS",NA,NA,NA,0,NA,NA,"rest",NA,Inf,NA
"Sly2014-11-07swim1","Sly",2016-07-11 00:27:04,2016-07-11 00:29:07,123,0.0890832986313237,0.055398284980479,27.586170765898,43.6523186559857,2016-07-12 10:00:48,2016-07-12 10:03:26,158,3.23754924316038,"swim1",11,"UWW","Male","NZFS","Sly07-11-14_1.csv",2014-11-07,"02:03",123,25,158,"swim",20.4908179946859,1.57929231373677,9.99552097301752
"Sly2014-11-07swim2","Sly",2016-07-11 00:04:16,2016-07-11 00:06:16,119.299999952316,0.401631010998979,0.254645731343776,28.464050523824,45.2316687314946,2016-07-12 10:06:23,2016-07-12 10:08:34,131,3.45310305511675,"swim2",11,"UWW","Male","NZFS","Sly07-11-14_2.csv",2014-11-07,"01:59",119,26,158,"swim",21.8550826273212,1.74106036392441,11.0193693919267
"Sly2014-12-09rest","Sly",2016-07-11 00:36:28,2016-07-11 00:41:46,317.700000047684,0.442966606804404,0.278986235485938,21.95214540653,34.2940539985153,2016-07-12 16:40:22,2016-07-12 16:42:21,119,1.34590755594444,"rest",11,"UWW","Male","NZFS",NA,NA,NA,0,NA,NA,"rest",NA,Inf,NA
"Sly2014-12-09swim1","Sly",2016-07-11 00:41:45,2016-07-11 00:44:29,163.799999952316,0.153260161776192,0.0986115974555547,41.4081105420806,66.1995356652228,2016-07-12 16:45:17,2016-07-12 16:47:58,161,3.7830086737282,"swim1",11,"UWW","Male","NZFS","Sly09-12-14_1.csv",2014-12-09,"02:44",164,38,152,"swim",24.8882149587382,1.3840275635591,9.10544449709933
"Sly2014-12-09swim2","Sly",2016-07-11 00:48:54,2016-07-11 00:51:01,127.5,0.364363173749712,0.228519302334995,31.8091320321051,50.4921705558689,2016-07-12 16:55:55,2016-07-12 16:58:00,125,3.24562367615613,"swim2",11,"UWW","Male","NZFS","Sly09-12-14_2.csv",2014-12-09,"02:07",127,32,152,"swim",21.3527873431324,1.53336551629423,10.0879310282515
"Sly2014-12-09swim2","Sly",2016-07-11 00:48:54,2016-07-11 00:51:01,127.5,0.364363173749712,0.228519302334995,31.8091320321051,50.4921705558689,2016-07-12 16:55:55,2016-07-12 16:58:00,125,3.24562367615613,"swim2",11,"UWW","Male","NZFS","Sly09-12-14_3.csv",2014-12-09,"01:13",73,13,152,"swim",21.3527873431324,2.66763589821051,17.5502361724376
"Sly2014-12-09swim3","Sly",2016-07-11 00:54:01,2016-07-11 00:55:14,73,0.382436725183556,0.240559314987031,17.9817902405488,28.6084945679691,NA,NA,NA,NA,"swim3",11,"UWW","Male","NZFS",NA,NA,NA,0,NA,NA,"swim",NA,NA,NA
"Sly2014-12-11rest","Sly",2016-07-11 00:50:39,2016-07-11 00:53:55,196.299999952316,0.0909504165655944,0.0583976831304188,8.19845825754211,12.9981516724075,2016-07-12 11:52:30,2016-07-12 11:54:25,115,1.32346458759189,"rest",11,"UWW","Male","NZFS",NA,NA,NA,0,NA,NA,"rest",NA,Inf,NA
"Sly2014-12-11swim1","Sly",2016-07-11 00:55:40,2016-07-11 00:57:33,113.700000047684,0.368795460175558,0.23151688533418,28.4174581430377,44.9718882042675,2016-07-12 11:58:18,2016-07-12 12:01:06,168,3.16143957709459,"swim1",11,"UWW","Male","NZFS","Sly11-12-14_1.csv",2014-12-11,"01:54",114,24,151,"swim",20.9366859410238,1.66391556689189,11.0193083900125
"Sly2014-12-11swim2","Sly",2016-07-11 00:00:46,2016-07-11 00:02:42,116.200000047684,0.441563652025298,0.276612624461279,31.7989859141754,50.0507365678998,2016-07-12 12:03:23,2016-07-12 12:06:09,166,3.67299964746683,"swim2",11,"UWW","Male","NZFS","Sly11-12-14_2.csv",2014-12-11,"01:56",116,29,151,"swim",24.3245009766015,1.89982740386215,12.5816384361732
"Sly2014-11-12rest","Sly",2016-07-11 00:22:54,2016-07-11 00:27:04,250,0.108381678854013,0.0693305656082625,11.7113833077576,18.4862968921856,2016-07-12 12:19:23,2016-07-12 12:20:54,91,1.11141841046828,"rest",11,"UWW","Male","NZFS",NA,NA,NA,0,NA,NA,"rest",NA,Inf,NA
"Sly2014-11-12swim1","Sly",2016-07-11 00:20:37,2016-07-11 00:22:54,137.299999952316,0.405134629706357,0.253534319674674,30.9622956770212,49.2165056512459,2016-07-12 12:23:19,2016-07-12 12:26:15,176,3.16290171769073,"swim1",11,"UWW","Male","NZFS","Sly12-11-14_1.csv",2014-11-12,"02:17",137,NA,158,"swim",20.0183653018401,1.38521243110543,8.7671672854774
"Sly2014-11-12swim2","Sly",2016-07-11 00:27:04,2016-07-11 00:29:10,126,0.394611198928365,0.24858877917515,27.5757092573556,43.5472817355123,2016-07-12 12:29:27,2016-07-12 12:32:10,163,3.29299158858428,"swim2",11,"UWW","Male","NZFS","Sly12-11-14_2.csv",2014-11-12,"02:06",126,NA,158,"swim",20.8417189150904,1.56809123265918,9.92462805480494
"Sly2014-12-12rest","Sly",2016-07-11 00:16:53,2016-07-11 00:20:19,205.5,0.392234900195306,0.246203635276584,9.17597440041851,14.7594028147689,2016-07-12 16:19:15,2016-07-12 16:20:57,102,1.48611190564837,"rest",11,"UWW","Male","NZFS",NA,NA,NA,0,NA,NA,"rest",NA,Inf,NA
"Sly2014-12-12swim1","Sly",2016-07-11 00:20:19,2016-07-11 00:22:39,139.799999952316,0.0662545474732277,0.0418026091583017,31.694795795913,50.672993808594,2016-07-12 16:23:21,2016-07-12 16:26:39,198,3.41089762369872,"swim1",11,"UWW","Male","NZFS","Sly12-12-14_1.csv",2014-12-12,"02:20",140,NA,151,"swim",22.5887259847597,1.46181326729945,9.68088256489702
"Sly2014-12-12swim2","Sly",2016-07-11 00:26:43,2016-07-11 00:28:38,115,0.395691160605178,0.250025931197864,30.1817044715795,47.8233434232152,2016-07-12 16:29:19,2016-07-12 16:32:04,165,3.83368613707679,"swim2",11,"UWW","Male","NZFS","Sly12-12-14_2.csv",2014-12-12,"01:55",115,NA,151,"swim",25.3886499144158,2.00018407151832,13.2462521292604
"Sly2014-03-13swim1","Sly",2016-07-11 00:24:38,2016-07-11 00:27:06,148,0.43250788665984,0.274723359201586,42.2977932409086,67.4333495187352,2016-07-12 17:15:40,2016-07-12 17:18:02,142,3.28298922218121,"swim1",11,"UWW","Male","NZFS","Sly13-03-14_1.csv",2014-03-13,"02:29",149,29,112,"swim",29.3124037694751,1.32200908275753,11.8036525246208
"Sly2014-03-13swim2","Sly",2016-07-11 00:36:28,2016-07-11 00:39:16,168,0.0718767331771554,0.044715317896582,43.021141913017,69.164492119286,2016-07-12 17:22:18,2016-07-12 17:24:37,139,3.72987841035789,"swim2",11,"UWW","Male","NZFS","Sly13-03-14_2.csv",2014-03-13,"02:47",167,29,112,"swim",33.3024858067668,1.34007607557768,11.964964960515
"Sly2014-03-19swim1","Sly",2016-07-11 00:36:28,2016-07-11 00:39:34,186,0.362981378641521,0.227027338429475,48.5655907840608,77.2872237435964,2016-07-12 10:16:33,2016-07-12 10:19:49,196,2.84182530799524,"swim1",11,"UWW","Male","NZFS","Sly19-03-14_1.csv",2014-03-19,"03:06",186,0,104,"swim",27.3252433461081,0.916717841288787,8.81459462777679
"Sly2014-03-19swim2","Sly",2016-07-11 00:36:28,2016-07-11 00:39:33,185,0.421075682847587,0.265493058604013,49.2459291600142,78.1541139653554,2016-07-12 10:23:28,2016-07-12 10:26:28,180,2.68945569471741,"swim2",11,"UWW","Male","NZFS","Sly19-03-14_2.csv",2014-03-19,"03:01",181,0,104,"swim",25.8601509107443,0.89153227449196,8.57242571626884
"Groucho2014-03-08rest","Groucho",NA,NA,NA,NA,NA,NA,NA,2016-07-12 16:44:31,2016-07-12 16:46:28,117,2.05900959785294,"rest",14,"UWW","Male","AFS",NA,NA,NA,0,NA,NA,"rest",NA,Inf,NA
"Groucho2014-03-09rest","Groucho",NA,NA,NA,NA,NA,NA,NA,2016-07-12 10:02:54,2016-07-12 10:05:02,128,1.80902292811791,"rest",14,"UWW","Male","AFS",NA,NA,NA,0,NA,NA,"rest",NA,Inf,NA
"Groucho2014-03-10rest","Groucho",NA,NA,NA,NA,NA,NA,NA,2016-07-12 09:54:31,2016-07-12 09:56:33,122,2.05054968276052,"rest",14,"UWW","Male","AFS",NA,NA,NA,0,NA,NA,"rest",NA,Inf,NA
"Groucho2014-03-13rest","Groucho",NA,NA,NA,NA,NA,NA,NA,2016-07-12 16:21:25,2016-07-12 16:24:04,159,1.82349574958277,"rest",14,"UWW","Male","AFS",NA,NA,NA,0,NA,NA,"rest",NA,Inf,NA
"Groucho2014-03-13swim1","Groucho",NA,NA,NA,NA,NA,NA,NA,2016-07-12 16:28:58,2016-07-12 16:32:17,199,4.60970010831138,"swim1",14,"UWW","Male","AFS",NA,NA,NA,0,NA,NA,"swim",NA,Inf,NA
"Groucho2014-03-13swim2","Groucho",NA,NA,NA,NA,NA,NA,NA,2016-07-12 16:33:41,2016-07-12 16:35:39,118,5.55428446399076,"swim2",14,"UWW","Male","AFS",NA,NA,NA,0,NA,NA,"swim",NA,Inf,NA
"Groucho2014-03-22rest","Groucho",NA,NA,NA,NA,NA,NA,NA,2016-07-12 10:24:39,2016-07-12 10:27:23,164,2.23625655848035,"rest",14,"UWW","Male","AFS",NA,NA,NA,0,NA,NA,"rest",NA,Inf,NA
"Groucho2014-03-23rest","Groucho",NA,NA,NA,NA,NA,NA,NA,2016-07-12 09:55:52,2016-07-12 09:57:41,109,1.62718140744849,"rest",14,"UWW","Male","AFS",NA,NA,NA,0,NA,NA,"rest",NA,Inf,NA
"Groucho2014-03-23swim2","Groucho",NA,NA,NA,NA,NA,NA,NA,2016-07-12 10:08:25,2016-07-12 10:09:50,85,5.25058592547895,"swim2",14,"UWW","Male","AFS",NA,NA,NA,0,NA,NA,"swim",NA,Inf,NA
"Groucho2014-03-24rest","Groucho",NA,NA,NA,NA,NA,NA,NA,2016-07-12 17:07:09,2016-07-12 17:09:48,159,2.48238693000229,"rest",14,"UWW","Male","AFS",NA,NA,NA,0,NA,NA,"rest",NA,Inf,NA
"Malie2014-11-15rest","Malie",NA,NA,NA,NA,NA,NA,NA,2016-07-12 10:04:35,2016-07-12 10:11:41,426,1.77169642449633,"rest",12,"Taronga","Male","ASL",NA,NA,NA,0,NA,NA,"rest",NA,Inf,NA
"Mav2014-11-15rest","Mav",NA,NA,NA,NA,NA,NA,NA,2016-07-12 09:20:31,2016-07-12 09:22:30,119,1.04738624462966,"rest",13,"Taronga","Male","NZFS",NA,NA,NA,0,NA,NA,"rest",NA,Inf,NA
"Mav2014-11-24rest","Mav",NA,NA,NA,NA,NA,NA,NA,2016-07-12 09:33:17,2016-07-12 09:35:17,120,1.46788823137422,"rest",13,"Taronga","Male","NZFS",NA,NA,NA,0,NA,NA,"rest",NA,Inf,NA
"Maxine2014-10-28swim1","Maxine",NA,NA,NA,NA,NA,NA,NA,2016-07-12 08:29:15,2016-07-12 08:31:10,115,1.23298972491305,"swim1",17,"DMM","Female","ASL",NA,NA,NA,0,NA,NA,"swim",NA,Inf,NA
"Miri2014-10-28rest","Miri",NA,NA,NA,NA,NA,NA,NA,2016-07-12 08:03:24,2016-07-12 08:05:25,121,0.833527616884625,"rest",5,"DMM","Female","ASL",NA,NA,NA,0,NA,NA,"rest",NA,Inf,NA
"Ronnie2014-11-15rest","Ronnie",NA,NA,NA,NA,NA,NA,NA,2016-07-12 23:45:30,2016-07-12 23:47:31,121,0.708508890479176,"rest",8,"Taronga","Male","NZFS",NA,NA,NA,0,NA,NA,"rest",NA,Inf,NA
"Sly2014-03-13rest","Sly",NA,NA,NA,NA,NA,NA,NA,2016-07-12 17:07:15,2016-07-12 17:09:19,124,0.91570942526723,"rest",11,"UWW","Male","NZFS",NA,NA,NA,0,NA,NA,"rest",NA,Inf,NA
"Sly2014-03-19rest","Sly",NA,NA,NA,NA,NA,NA,NA,2016-07-12 10:08:46,2016-07-12 10:10:33,107,1.02745052066591,"rest",11,"UWW","Male","NZFS",NA,NA,NA,0,NA,NA,"rest",NA,Inf,NA
